"date","region","province","cases"
2020-02-19,"Region 1","Qom",2
2020-02-19,"Region 1","Tehran",0
2020-02-19,"Region 1","Mazandaran",0
2020-02-19,"Region 1","Alborz",0
2020-02-19,"Region 1","Semnan",0
2020-02-19,"Region 1","Golestan",0
2020-02-19,"Region 1","Qazvin",0
2020-02-19,"Region 2","Esfahan",0
2020-02-19,"Region 2","Fars",0
2020-02-19,"Region 2","Hormozgan",0
2020-02-19,"Region 2","Kohgiluyeh and Buyer Ahmad",0
2020-02-19,"Region 2","Chahar Mahall and Bakhtiari",0
2020-02-19,"Region 2","Bushehr",0
2020-02-19,"Region 3","Gilan",0
2020-02-19,"Region 3","Ardebil",0
2020-02-19,"Region 3","East Azarbaijan",0
2020-02-19,"Region 3","West Azarbaijan",0
2020-02-19,"Region 3","Kordestan",0
2020-02-19,"Region 3","Zanjan",0
2020-02-19,"Region 4","Markazi",0
2020-02-19,"Region 4","Hamadan",0
2020-02-19,"Region 4","Khuzestan",0
2020-02-19,"Region 4","Kermanshah",0
2020-02-19,"Region 4","Lorestan",0
2020-02-19,"Region 4","Ilam",0
2020-02-19,"Region 5","Razavi Khorasan",0
2020-02-19,"Region 5","Sistan and Baluchestan",0
2020-02-19,"Region 5","Yazd",0
2020-02-19,"Region 5","South Khorasan",0
2020-02-19,"Region 5","Kerman",0
2020-02-19,"Region 5","North Khorasan",0
2020-02-20,"Region 1","Qom",2
2020-02-20,"Region 1","Tehran",0
2020-02-20,"Region 1","Mazandaran",0
2020-02-20,"Region 1","Alborz",0
2020-02-20,"Region 1","Semnan",0
2020-02-20,"Region 1","Golestan",0
2020-02-20,"Region 1","Qazvin",0
2020-02-20,"Region 2","Esfahan",0
2020-02-20,"Region 2","Fars",0
2020-02-20,"Region 2","Hormozgan",0
2020-02-20,"Region 2","Kohgiluyeh and Buyer Ahmad",0
2020-02-20,"Region 2","Chahar Mahall and Bakhtiari",0
2020-02-20,"Region 2","Bushehr",0
2020-02-20,"Region 3","Gilan",0
2020-02-20,"Region 3","Ardebil",0
2020-02-20,"Region 3","East Azarbaijan",0
2020-02-20,"Region 3","West Azarbaijan",0
2020-02-20,"Region 3","Kordestan",0
2020-02-20,"Region 3","Zanjan",0
2020-02-20,"Region 4","Markazi",1
2020-02-20,"Region 4","Hamadan",0
2020-02-20,"Region 4","Khuzestan",0
2020-02-20,"Region 4","Kermanshah",0
2020-02-20,"Region 4","Lorestan",0
2020-02-20,"Region 4","Ilam",0
2020-02-20,"Region 5","Razavi Khorasan",0
2020-02-20,"Region 5","Sistan and Baluchestan",0
2020-02-20,"Region 5","Yazd",0
2020-02-20,"Region 5","South Khorasan",0
2020-02-20,"Region 5","Kerman",0
2020-02-20,"Region 5","North Khorasan",0
2020-02-21,"Region 1","Qom",7
2020-02-21,"Region 1","Tehran",4
2020-02-21,"Region 1","Mazandaran",0
2020-02-21,"Region 1","Alborz",0
2020-02-21,"Region 1","Semnan",0
2020-02-21,"Region 1","Golestan",0
2020-02-21,"Region 1","Qazvin",0
2020-02-21,"Region 2","Esfahan",0
2020-02-21,"Region 2","Fars",0
2020-02-21,"Region 2","Hormozgan",0
2020-02-21,"Region 2","Kohgiluyeh and Buyer Ahmad",0
2020-02-21,"Region 2","Chahar Mahall and Bakhtiari",0
2020-02-21,"Region 2","Bushehr",0
2020-02-21,"Region 3","Gilan",2
2020-02-21,"Region 3","Ardebil",0
2020-02-21,"Region 3","East Azarbaijan",0
2020-02-21,"Region 3","West Azarbaijan",0
2020-02-21,"Region 3","Kordestan",0
2020-02-21,"Region 3","Zanjan",0
2020-02-21,"Region 4","Markazi",0
2020-02-21,"Region 4","Hamadan",0
2020-02-21,"Region 4","Khuzestan",0
2020-02-21,"Region 4","Kermanshah",0
2020-02-21,"Region 4","Lorestan",0
2020-02-21,"Region 4","Ilam",0
2020-02-21,"Region 5","Razavi Khorasan",0
2020-02-21,"Region 5","Sistan and Baluchestan",0
2020-02-21,"Region 5","Yazd",0
2020-02-21,"Region 5","South Khorasan",0
2020-02-21,"Region 5","Kerman",0
2020-02-21,"Region 5","North Khorasan",0
2020-02-22,"Region 1","Qom",8
2020-02-22,"Region 1","Tehran",2
2020-02-22,"Region 1","Mazandaran",0
2020-02-22,"Region 1","Alborz",0
2020-02-22,"Region 1","Semnan",0
2020-02-22,"Region 1","Golestan",0
2020-02-22,"Region 1","Qazvin",0
2020-02-22,"Region 2","Esfahan",0
2020-02-22,"Region 2","Fars",0
2020-02-22,"Region 2","Hormozgan",0
2020-02-22,"Region 2","Kohgiluyeh and Buyer Ahmad",0
2020-02-22,"Region 2","Chahar Mahall and Bakhtiari",0
2020-02-22,"Region 2","Bushehr",0
2020-02-22,"Region 3","Gilan",0
2020-02-22,"Region 3","Ardebil",0
2020-02-22,"Region 3","East Azarbaijan",0
2020-02-22,"Region 3","West Azarbaijan",0
2020-02-22,"Region 3","Kordestan",0
2020-02-22,"Region 3","Zanjan",0
2020-02-22,"Region 4","Markazi",0
2020-02-22,"Region 4","Hamadan",0
2020-02-22,"Region 4","Khuzestan",0
2020-02-22,"Region 4","Kermanshah",0
2020-02-22,"Region 4","Lorestan",0
2020-02-22,"Region 4","Ilam",0
2020-02-22,"Region 5","Razavi Khorasan",0
2020-02-22,"Region 5","Sistan and Baluchestan",0
2020-02-22,"Region 5","Yazd",0
2020-02-22,"Region 5","South Khorasan",0
2020-02-22,"Region 5","Kerman",0
2020-02-22,"Region 5","North Khorasan",0
2020-02-23,"Region 1","Qom",7
2020-02-23,"Region 1","Tehran",4
2020-02-23,"Region 1","Mazandaran",1
2020-02-23,"Region 1","Alborz",0
2020-02-23,"Region 1","Semnan",0
2020-02-23,"Region 1","Golestan",0
2020-02-23,"Region 1","Qazvin",0
2020-02-23,"Region 2","Esfahan",0
2020-02-23,"Region 2","Fars",0
2020-02-23,"Region 2","Hormozgan",0
2020-02-23,"Region 2","Kohgiluyeh and Buyer Ahmad",0
2020-02-23,"Region 2","Chahar Mahall and Bakhtiari",0
2020-02-23,"Region 2","Bushehr",0
2020-02-23,"Region 3","Gilan",2
2020-02-23,"Region 3","Ardebil",0
2020-02-23,"Region 3","East Azarbaijan",0
2020-02-23,"Region 3","West Azarbaijan",0
2020-02-23,"Region 3","Kordestan",0
2020-02-23,"Region 3","Zanjan",0
2020-02-23,"Region 4","Markazi",1
2020-02-23,"Region 4","Hamadan",0
2020-02-23,"Region 4","Khuzestan",0
2020-02-23,"Region 4","Kermanshah",0
2020-02-23,"Region 4","Lorestan",0
2020-02-23,"Region 4","Ilam",0
2020-02-23,"Region 5","Razavi Khorasan",0
2020-02-23,"Region 5","Sistan and Baluchestan",0
2020-02-23,"Region 5","Yazd",0
2020-02-23,"Region 5","South Khorasan",0
2020-02-23,"Region 5","Kerman",0
2020-02-23,"Region 5","North Khorasan",0
2020-02-24,"Region 1","Qom",8
2020-02-24,"Region 1","Tehran",3
2020-02-24,"Region 1","Mazandaran",0
2020-02-24,"Region 1","Alborz",0
2020-02-24,"Region 1","Semnan",0
2020-02-24,"Region 1","Golestan",0
2020-02-24,"Region 1","Qazvin",0
2020-02-24,"Region 2","Esfahan",2
2020-02-24,"Region 2","Fars",0
2020-02-24,"Region 2","Hormozgan",0
2020-02-24,"Region 2","Kohgiluyeh and Buyer Ahmad",0
2020-02-24,"Region 2","Chahar Mahall and Bakhtiari",0
2020-02-24,"Region 2","Bushehr",0
2020-02-24,"Region 3","Gilan",2
2020-02-24,"Region 3","Ardebil",0
2020-02-24,"Region 3","East Azarbaijan",0
2020-02-24,"Region 3","West Azarbaijan",0
2020-02-24,"Region 3","Kordestan",0
2020-02-24,"Region 3","Zanjan",0
2020-02-24,"Region 4","Markazi",2
2020-02-24,"Region 4","Hamadan",1
2020-02-24,"Region 4","Khuzestan",0
2020-02-24,"Region 4","Kermanshah",0
2020-02-24,"Region 4","Lorestan",0
2020-02-24,"Region 4","Ilam",0
2020-02-24,"Region 5","Razavi Khorasan",0
2020-02-24,"Region 5","Sistan and Baluchestan",0
2020-02-24,"Region 5","Yazd",0
2020-02-24,"Region 5","South Khorasan",0
2020-02-24,"Region 5","Kerman",0
2020-02-24,"Region 5","North Khorasan",0
2020-02-25,"Region 1","Qom",16
2020-02-25,"Region 1","Tehran",8
2020-02-25,"Region 1","Mazandaran",2
2020-02-25,"Region 1","Alborz",2
2020-02-25,"Region 1","Semnan",0
2020-02-25,"Region 1","Golestan",0
2020-02-25,"Region 1","Qazvin",0
2020-02-25,"Region 2","Esfahan",0
2020-02-25,"Region 2","Fars",1
2020-02-25,"Region 2","Hormozgan",1
2020-02-25,"Region 2","Kohgiluyeh and Buyer Ahmad",0
2020-02-25,"Region 2","Chahar Mahall and Bakhtiari",0
2020-02-25,"Region 2","Bushehr",0
2020-02-25,"Region 3","Gilan",2
2020-02-25,"Region 3","Ardebil",0
2020-02-25,"Region 3","East Azarbaijan",0
2020-02-25,"Region 3","West Azarbaijan",0
2020-02-25,"Region 3","Kordestan",0
2020-02-25,"Region 3","Zanjan",0
2020-02-25,"Region 4","Markazi",0
2020-02-25,"Region 4","Hamadan",0
2020-02-25,"Region 4","Khuzestan",0
2020-02-25,"Region 4","Kermanshah",0
2020-02-25,"Region 4","Lorestan",0
2020-02-25,"Region 4","Ilam",0
2020-02-25,"Region 5","Razavi Khorasan",1
2020-02-25,"Region 5","Sistan and Baluchestan",0
2020-02-25,"Region 5","Yazd",0
2020-02-25,"Region 5","South Khorasan",0
2020-02-25,"Region 5","Kerman",0
2020-02-25,"Region 5","North Khorasan",0
2020-02-26,"Region 1","Qom",15
2020-02-26,"Region 1","Tehran",4
2020-02-26,"Region 1","Mazandaran",1
2020-02-26,"Region 1","Alborz",0
2020-02-26,"Region 1","Semnan",1
2020-02-26,"Region 1","Golestan",0
2020-02-26,"Region 1","Qazvin",0
2020-02-26,"Region 2","Esfahan",0
2020-02-26,"Region 2","Fars",2
2020-02-26,"Region 2","Hormozgan",1
2020-02-26,"Region 2","Kohgiluyeh and Buyer Ahmad",2
2020-02-26,"Region 2","Chahar Mahall and Bakhtiari",0
2020-02-26,"Region 2","Bushehr",0
2020-02-26,"Region 3","Gilan",1
2020-02-26,"Region 3","Ardebil",0
2020-02-26,"Region 3","East Azarbaijan",0
2020-02-26,"Region 3","West Azarbaijan",0
2020-02-26,"Region 3","Kordestan",0
2020-02-26,"Region 3","Zanjan",0
2020-02-26,"Region 4","Markazi",1
2020-02-26,"Region 4","Hamadan",0
2020-02-26,"Region 4","Khuzestan",3
2020-02-26,"Region 4","Kermanshah",1
2020-02-26,"Region 4","Lorestan",1
2020-02-26,"Region 4","Ilam",0
2020-02-26,"Region 5","Razavi Khorasan",0
2020-02-26,"Region 5","Sistan and Baluchestan",2
2020-02-26,"Region 5","Yazd",0
2020-02-26,"Region 5","South Khorasan",0
2020-02-26,"Region 5","Kerman",0
2020-02-26,"Region 5","North Khorasan",0
2020-02-27,"Region 1","Qom",7
2020-02-27,"Region 1","Tehran",38
2020-02-27,"Region 1","Mazandaran",7
2020-02-27,"Region 1","Alborz",3
2020-02-27,"Region 1","Semnan",3
2020-02-27,"Region 1","Golestan",0
2020-02-27,"Region 1","Qazvin",0
2020-02-27,"Region 2","Esfahan",8
2020-02-27,"Region 2","Fars",0
2020-02-27,"Region 2","Hormozgan",0
2020-02-27,"Region 2","Kohgiluyeh and Buyer Ahmad",0
2020-02-27,"Region 2","Chahar Mahall and Bakhtiari",0
2020-02-27,"Region 2","Bushehr",0
2020-02-27,"Region 3","Gilan",23
2020-02-27,"Region 3","Ardebil",5
2020-02-27,"Region 3","East Azarbaijan",2
2020-02-27,"Region 3","West Azarbaijan",1
2020-02-27,"Region 3","Kordestan",1
2020-02-27,"Region 3","Zanjan",0
2020-02-27,"Region 4","Markazi",0
2020-02-27,"Region 4","Hamadan",1
2020-02-27,"Region 4","Khuzestan",0
2020-02-27,"Region 4","Kermanshah",2
2020-02-27,"Region 4","Lorestan",3
2020-02-27,"Region 4","Ilam",0
2020-02-27,"Region 5","Razavi Khorasan",1
2020-02-27,"Region 5","Sistan and Baluchestan",0
2020-02-27,"Region 5","Yazd",1
2020-02-27,"Region 5","South Khorasan",0
2020-02-27,"Region 5","Kerman",0
2020-02-27,"Region 5","North Khorasan",0
2020-02-28,"Region 1","Qom",16
2020-02-28,"Region 1","Tehran",64
2020-02-28,"Region 1","Mazandaran",9
2020-02-28,"Region 1","Alborz",3
2020-02-28,"Region 1","Semnan",2
2020-02-28,"Region 1","Golestan",2
2020-02-28,"Region 1","Qazvin",2
2020-02-28,"Region 2","Esfahan",10
2020-02-28,"Region 2","Fars",0
2020-02-28,"Region 2","Hormozgan",0
2020-02-28,"Region 2","Kohgiluyeh and Buyer Ahmad",0
2020-02-28,"Region 2","Chahar Mahall and Bakhtiari",0
2020-02-28,"Region 2","Bushehr",0
2020-02-28,"Region 3","Gilan",25
2020-02-28,"Region 3","Ardebil",1
2020-02-28,"Region 3","East Azarbaijan",4
2020-02-28,"Region 3","West Azarbaijan",0
2020-02-28,"Region 3","Kordestan",2
2020-02-28,"Region 3","Zanjan",0
2020-02-28,"Region 4","Markazi",0
2020-02-28,"Region 4","Hamadan",0
2020-02-28,"Region 4","Khuzestan",3
2020-02-28,"Region 4","Kermanshah",0
2020-02-28,"Region 4","Lorestan",0
2020-02-28,"Region 4","Ilam",0
2020-02-28,"Region 5","Razavi Khorasan",0
2020-02-28,"Region 5","Sistan and Baluchestan",0
2020-02-28,"Region 5","Yazd",0
2020-02-28,"Region 5","South Khorasan",0
2020-02-28,"Region 5","Kerman",0
2020-02-28,"Region 5","North Khorasan",0
2020-02-29,"Region 1","Qom",21
2020-02-29,"Region 1","Tehran",52
2020-02-29,"Region 1","Mazandaran",12
2020-02-29,"Region 1","Alborz",8
2020-02-29,"Region 1","Semnan",4
2020-02-29,"Region 1","Golestan",22
2020-02-29,"Region 1","Qazvin",6
2020-02-29,"Region 2","Esfahan",12
2020-02-29,"Region 2","Fars",8
2020-02-29,"Region 2","Hormozgan",0
2020-02-29,"Region 2","Kohgiluyeh and Buyer Ahmad",0
2020-02-29,"Region 2","Chahar Mahall and Bakhtiari",0
2020-02-29,"Region 2","Bushehr",0
2020-02-29,"Region 3","Gilan",17
2020-02-29,"Region 3","Ardebil",3
2020-02-29,"Region 3","East Azarbaijan",6
2020-02-29,"Region 3","West Azarbaijan",0
2020-02-29,"Region 3","Kordestan",5
2020-02-29,"Region 3","Zanjan",0
2020-02-29,"Region 4","Markazi",18
2020-02-29,"Region 4","Hamadan",0
2020-02-29,"Region 4","Khuzestan",4
2020-02-29,"Region 4","Kermanshah",0
2020-02-29,"Region 4","Lorestan",0
2020-02-29,"Region 4","Ilam",1
2020-02-29,"Region 5","Razavi Khorasan",0
2020-02-29,"Region 5","Sistan and Baluchestan",1
2020-02-29,"Region 5","Yazd",4
2020-02-29,"Region 5","South Khorasan",1
2020-02-29,"Region 5","Kerman",0
2020-02-29,"Region 5","North Khorasan",0
2020-03-01,"Region 1","Qom",30
2020-03-01,"Region 1","Tehran",170
2020-03-01,"Region 1","Mazandaran",11
2020-03-01,"Region 1","Alborz",31
2020-03-01,"Region 1","Semnan",3
2020-03-01,"Region 1","Golestan",0
2020-03-01,"Region 1","Qazvin",0
2020-03-01,"Region 2","Esfahan",13
2020-03-01,"Region 2","Fars",8
2020-03-01,"Region 2","Hormozgan",2
2020-03-01,"Region 2","Kohgiluyeh and Buyer Ahmad",0
2020-03-01,"Region 2","Chahar Mahall and Bakhtiari",0
2020-03-01,"Region 2","Bushehr",0
2020-03-01,"Region 3","Gilan",28
2020-03-01,"Region 3","Ardebil",0
2020-03-01,"Region 3","East Azarbaijan",0
2020-03-01,"Region 3","West Azarbaijan",0
2020-03-01,"Region 3","Kordestan",0
2020-03-01,"Region 3","Zanjan",0
2020-03-01,"Region 4","Markazi",44
2020-03-01,"Region 4","Hamadan",3
2020-03-01,"Region 4","Khuzestan",9
2020-03-01,"Region 4","Kermanshah",2
2020-03-01,"Region 4","Lorestan",8
2020-03-01,"Region 4","Ilam",1
2020-03-01,"Region 5","Razavi Khorasan",17
2020-03-01,"Region 5","Sistan and Baluchestan",2
2020-03-01,"Region 5","Yazd",0
2020-03-01,"Region 5","South Khorasan",2
2020-03-01,"Region 5","Kerman",2
2020-03-01,"Region 5","North Khorasan",0
2020-03-02,"Region 1","Qom",0
2020-03-02,"Region 1","Tehran",0
2020-03-02,"Region 1","Mazandaran",0
2020-03-02,"Region 1","Alborz",0
2020-03-02,"Region 1","Semnan",0
2020-03-02,"Region 1","Golestan",0
2020-03-02,"Region 1","Qazvin",0
2020-03-02,"Region 2","Esfahan",0
2020-03-02,"Region 2","Fars",0
2020-03-02,"Region 2","Hormozgan",0
2020-03-02,"Region 2","Kohgiluyeh and Buyer Ahmad",0
2020-03-02,"Region 2","Chahar Mahall and Bakhtiari",0
2020-03-02,"Region 2","Bushehr",0
2020-03-02,"Region 3","Gilan",0
2020-03-02,"Region 3","Ardebil",0
2020-03-02,"Region 3","East Azarbaijan",0
2020-03-02,"Region 3","West Azarbaijan",0
2020-03-02,"Region 3","Kordestan",0
2020-03-02,"Region 3","Zanjan",0
2020-03-02,"Region 4","Markazi",0
2020-03-02,"Region 4","Hamadan",0
2020-03-02,"Region 4","Khuzestan",0
2020-03-02,"Region 4","Kermanshah",0
2020-03-02,"Region 4","Lorestan",0
2020-03-02,"Region 4","Ilam",0
2020-03-02,"Region 5","Razavi Khorasan",0
2020-03-02,"Region 5","Sistan and Baluchestan",0
2020-03-02,"Region 5","Yazd",0
2020-03-02,"Region 5","South Khorasan",0
2020-03-02,"Region 5","Kerman",0
2020-03-02,"Region 5","North Khorasan",0
2020-03-03,"Region 1","Qom",0
2020-03-03,"Region 1","Tehran",0
2020-03-03,"Region 1","Mazandaran",0
2020-03-03,"Region 1","Alborz",0
2020-03-03,"Region 1","Semnan",0
2020-03-03,"Region 1","Golestan",0
2020-03-03,"Region 1","Qazvin",0
2020-03-03,"Region 2","Esfahan",0
2020-03-03,"Region 2","Fars",0
2020-03-03,"Region 2","Hormozgan",0
2020-03-03,"Region 2","Kohgiluyeh and Buyer Ahmad",0
2020-03-03,"Region 2","Chahar Mahall and Bakhtiari",0
2020-03-03,"Region 2","Bushehr",0
2020-03-03,"Region 3","Gilan",0
2020-03-03,"Region 3","Ardebil",0
2020-03-03,"Region 3","East Azarbaijan",0
2020-03-03,"Region 3","West Azarbaijan",0
2020-03-03,"Region 3","Kordestan",0
2020-03-03,"Region 3","Zanjan",0
2020-03-03,"Region 4","Markazi",0
2020-03-03,"Region 4","Hamadan",0
2020-03-03,"Region 4","Khuzestan",0
2020-03-03,"Region 4","Kermanshah",0
2020-03-03,"Region 4","Lorestan",0
2020-03-03,"Region 4","Ilam",0
2020-03-03,"Region 5","Razavi Khorasan",0
2020-03-03,"Region 5","Sistan and Baluchestan",0
2020-03-03,"Region 5","Yazd",0
2020-03-03,"Region 5","South Khorasan",0
2020-03-03,"Region 5","Kerman",0
2020-03-03,"Region 5","North Khorasan",0
2020-03-04,"Region 1","Qom",101
2020-03-04,"Region 1","Tehran",253
2020-03-04,"Region 1","Mazandaran",9
2020-03-04,"Region 1","Alborz",19
2020-03-04,"Region 1","Semnan",8
2020-03-04,"Region 1","Golestan",9
2020-03-04,"Region 1","Qazvin",25
2020-03-04,"Region 2","Esfahan",0
2020-03-04,"Region 2","Fars",14
2020-03-04,"Region 2","Hormozgan",0
2020-03-04,"Region 2","Kohgiluyeh and Buyer Ahmad",0
2020-03-04,"Region 2","Chahar Mahall and Bakhtiari",1
2020-03-04,"Region 2","Bushehr",0
2020-03-04,"Region 3","Gilan",35
2020-03-04,"Region 3","Ardebil",0
2020-03-04,"Region 3","East Azarbaijan",9
2020-03-04,"Region 3","West Azarbaijan",0
2020-03-04,"Region 3","Kordestan",4
2020-03-04,"Region 3","Zanjan",6
2020-03-04,"Region 4","Markazi",8
2020-03-04,"Region 4","Hamadan",0
2020-03-04,"Region 4","Khuzestan",27
2020-03-04,"Region 4","Kermanshah",15
2020-03-04,"Region 4","Lorestan",5
2020-03-04,"Region 4","Ilam",7
2020-03-04,"Region 5","Razavi Khorasan",8
2020-03-04,"Region 5","Sistan and Baluchestan",8
2020-03-04,"Region 5","Yazd",0
2020-03-04,"Region 5","South Khorasan",0
2020-03-04,"Region 5","Kerman",14
2020-03-04,"Region 5","North Khorasan",1
2020-03-05,"Region 1","Qom",32
2020-03-05,"Region 1","Tehran",56
2020-03-05,"Region 1","Mazandaran",50
2020-03-05,"Region 1","Alborz",61
2020-03-05,"Region 1","Semnan",22
2020-03-05,"Region 1","Golestan",4
2020-03-05,"Region 1","Qazvin",31
2020-03-05,"Region 2","Esfahan",118
2020-03-05,"Region 2","Fars",19
2020-03-05,"Region 2","Hormozgan",2
2020-03-05,"Region 2","Kohgiluyeh and Buyer Ahmad",0
2020-03-05,"Region 2","Chahar Mahall and Bakhtiari",8
2020-03-05,"Region 2","Bushehr",3
2020-03-05,"Region 3","Gilan",80
2020-03-05,"Region 3","Ardebil",17
2020-03-05,"Region 3","East Azarbaijan",10
2020-03-05,"Region 3","West Azarbaijan",5
2020-03-05,"Region 3","Kordestan",6
2020-03-05,"Region 3","Zanjan",7
2020-03-05,"Region 4","Markazi",31
2020-03-05,"Region 4","Hamadan",6
2020-03-05,"Region 4","Khuzestan",1
2020-03-05,"Region 4","Kermanshah",0
2020-03-05,"Region 4","Lorestan",11
2020-03-05,"Region 4","Ilam",0
2020-03-05,"Region 5","Razavi Khorasan",53
2020-03-05,"Region 5","Sistan and Baluchestan",5
2020-03-05,"Region 5","Yazd",0
2020-03-05,"Region 5","South Khorasan",9
2020-03-05,"Region 5","Kerman",0
2020-03-05,"Region 5","North Khorasan",2
2020-03-06,"Region 1","Qom",137
2020-03-06,"Region 1","Tehran",61
2020-03-06,"Region 1","Mazandaran",180
2020-03-06,"Region 1","Alborz",129
2020-03-06,"Region 1","Semnan",54
2020-03-06,"Region 1","Golestan",67
2020-03-06,"Region 1","Qazvin",65
2020-03-06,"Region 2","Esfahan",150
2020-03-06,"Region 2","Fars",13
2020-03-06,"Region 2","Hormozgan",6
2020-03-06,"Region 2","Kohgiluyeh and Buyer Ahmad",4
2020-03-06,"Region 2","Chahar Mahall and Bakhtiari",5
2020-03-06,"Region 2","Bushehr",2
2020-03-06,"Region 3","Gilan",91
2020-03-06,"Region 3","Ardebil",11
2020-03-06,"Region 3","East Azarbaijan",10
2020-03-06,"Region 3","West Azarbaijan",1
2020-03-06,"Region 3","Kordestan",24
2020-03-06,"Region 3","Zanjan",35
2020-03-06,"Region 4","Markazi",48
2020-03-06,"Region 4","Hamadan",7
2020-03-06,"Region 4","Khuzestan",0
2020-03-06,"Region 4","Kermanshah",5
2020-03-06,"Region 4","Lorestan",50
2020-03-06,"Region 4","Ilam",2
2020-03-06,"Region 5","Razavi Khorasan",0
2020-03-06,"Region 5","Sistan and Baluchestan",2
2020-03-06,"Region 5","Yazd",50
2020-03-06,"Region 5","South Khorasan",3
2020-03-06,"Region 5","Kerman",7
2020-03-06,"Region 5","North Khorasan",12
2020-03-07,"Region 1","Qom",145
2020-03-07,"Region 1","Tehran",126
2020-03-07,"Region 1","Mazandaran",305
2020-03-07,"Region 1","Alborz",3
2020-03-07,"Region 1","Semnan",24
2020-03-07,"Region 1","Golestan",58
2020-03-07,"Region 1","Qazvin",2
2020-03-07,"Region 2","Esfahan",96
2020-03-07,"Region 2","Fars",14
2020-03-07,"Region 2","Hormozgan",11
2020-03-07,"Region 2","Kohgiluyeh and Buyer Ahmad",0
2020-03-07,"Region 2","Chahar Mahall and Bakhtiari",2
2020-03-07,"Region 2","Bushehr",3
2020-03-07,"Region 3","Gilan",70
2020-03-07,"Region 3","Ardebil",1
2020-03-07,"Region 3","East Azarbaijan",2
2020-03-07,"Region 3","West Azarbaijan",22
2020-03-07,"Region 3","Kordestan",2
2020-03-07,"Region 3","Zanjan",2
2020-03-07,"Region 4","Markazi",37
2020-03-07,"Region 4","Hamadan",11
2020-03-07,"Region 4","Khuzestan",1
2020-03-07,"Region 4","Kermanshah",4
2020-03-07,"Region 4","Lorestan",27
2020-03-07,"Region 4","Ilam",2
2020-03-07,"Region 5","Razavi Khorasan",46
2020-03-07,"Region 5","Sistan and Baluchestan",13
2020-03-07,"Region 5","Yazd",24
2020-03-07,"Region 5","South Khorasan",0
2020-03-07,"Region 5","Kerman",15
2020-03-07,"Region 5","North Khorasan",8
2020-03-08,"Region 1","Qom",17
2020-03-08,"Region 1","Tehran",266
2020-03-08,"Region 1","Mazandaran",14
2020-03-08,"Region 1","Alborz",2
2020-03-08,"Region 1","Semnan",37
2020-03-08,"Region 1","Golestan",13
2020-03-08,"Region 1","Qazvin",29
2020-03-08,"Region 2","Esfahan",80
2020-03-08,"Region 2","Fars",9
2020-03-08,"Region 2","Hormozgan",5
2020-03-08,"Region 2","Kohgiluyeh and Buyer Ahmad",3
2020-03-08,"Region 2","Chahar Mahall and Bakhtiari",5
2020-03-08,"Region 2","Bushehr",2
2020-03-08,"Region 3","Gilan",2
2020-03-08,"Region 3","Ardebil",9
2020-03-08,"Region 3","East Azarbaijan",30
2020-03-08,"Region 3","West Azarbaijan",7
2020-03-08,"Region 3","Kordestan",19
2020-03-08,"Region 3","Zanjan",1
2020-03-08,"Region 4","Markazi",70
2020-03-08,"Region 4","Hamadan",26
2020-03-08,"Region 4","Khuzestan",5
2020-03-08,"Region 4","Kermanshah",2
2020-03-08,"Region 4","Lorestan",37
2020-03-08,"Region 4","Ilam",0
2020-03-08,"Region 5","Razavi Khorasan",19
2020-03-08,"Region 5","Sistan and Baluchestan",0
2020-03-08,"Region 5","Yazd",6
2020-03-08,"Region 5","South Khorasan",26
2020-03-08,"Region 5","Kerman",1
2020-03-08,"Region 5","North Khorasan",1
2020-03-09,"Region 1","Qom",27
2020-03-09,"Region 1","Tehran",140
2020-03-09,"Region 1","Mazandaran",13
2020-03-09,"Region 1","Alborz",0
2020-03-09,"Region 1","Semnan",45
2020-03-09,"Region 1","Golestan",0
2020-03-09,"Region 1","Qazvin",40
2020-03-09,"Region 2","Esfahan",37
2020-03-09,"Region 2","Fars",29
2020-03-09,"Region 2","Hormozgan",17
2020-03-09,"Region 2","Kohgiluyeh and Buyer Ahmad",0
2020-03-09,"Region 2","Chahar Mahall and Bakhtiari",5
2020-03-09,"Region 2","Bushehr",1
2020-03-09,"Region 3","Gilan",28
2020-03-09,"Region 3","Ardebil",22
2020-03-09,"Region 3","East Azarbaijan",22
2020-03-09,"Region 3","West Azarbaijan",29
2020-03-09,"Region 3","Kordestan",3
2020-03-09,"Region 3","Zanjan",15
2020-03-09,"Region 4","Markazi",54
2020-03-09,"Region 4","Hamadan",0
2020-03-09,"Region 4","Khuzestan",4
2020-03-09,"Region 4","Kermanshah",11
2020-03-09,"Region 4","Lorestan",7
2020-03-09,"Region 4","Ilam",16
2020-03-09,"Region 5","Razavi Khorasan",29
2020-03-09,"Region 5","Sistan and Baluchestan",0
2020-03-09,"Region 5","Yazd",3
2020-03-09,"Region 5","South Khorasan",-7
2020-03-09,"Region 5","Kerman",-5
2020-03-09,"Region 5","North Khorasan",10
2020-03-10,"Region 1","Qom",39
2020-03-10,"Region 1","Tehran",169
2020-03-10,"Region 1","Mazandaran",253
2020-03-10,"Region 1","Alborz",32
2020-03-10,"Region 1","Semnan",1
2020-03-10,"Region 1","Golestan",4
2020-03-10,"Region 1","Qazvin",10
2020-03-10,"Region 2","Esfahan",17
2020-03-10,"Region 2","Fars",18
2020-03-10,"Region 2","Hormozgan",17
2020-03-10,"Region 2","Kohgiluyeh and Buyer Ahmad",2
2020-03-10,"Region 2","Chahar Mahall and Bakhtiari",11
2020-03-10,"Region 2","Bushehr",7
2020-03-10,"Region 3","Gilan",0
2020-03-10,"Region 3","Ardebil",19
2020-03-10,"Region 3","East Azarbaijan",17
2020-03-10,"Region 3","West Azarbaijan",4
2020-03-10,"Region 3","Kordestan",12
2020-03-10,"Region 3","Zanjan",11
2020-03-10,"Region 4","Markazi",27
2020-03-10,"Region 4","Hamadan",17
2020-03-10,"Region 4","Khuzestan",37
2020-03-10,"Region 4","Kermanshah",7
2020-03-10,"Region 4","Lorestan",25
2020-03-10,"Region 4","Ilam",25
2020-03-10,"Region 5","Razavi Khorasan",39
2020-03-10,"Region 5","Sistan and Baluchestan",6
2020-03-10,"Region 5","Yazd",37
2020-03-10,"Region 5","South Khorasan",14
2020-03-10,"Region 5","Kerman",4
2020-03-10,"Region 5","North Khorasan",0
2020-03-11,"Region 1","Qom",53
2020-03-11,"Region 1","Tehran",256
2020-03-11,"Region 1","Mazandaran",32
2020-03-11,"Region 1","Alborz",45
2020-03-11,"Region 1","Semnan",63
2020-03-11,"Region 1","Golestan",9
2020-03-11,"Region 1","Qazvin",27
2020-03-11,"Region 2","Esfahan",170
2020-03-11,"Region 2","Fars",19
2020-03-11,"Region 2","Hormozgan",10
2020-03-11,"Region 2","Kohgiluyeh and Buyer Ahmad",0
2020-03-11,"Region 2","Chahar Mahall and Bakhtiari",1
2020-03-11,"Region 2","Bushehr",0
2020-03-11,"Region 3","Gilan",5
2020-03-11,"Region 3","Ardebil",1
2020-03-11,"Region 3","East Azarbaijan",29
2020-03-11,"Region 3","West Azarbaijan",27
2020-03-11,"Region 3","Kordestan",6
2020-03-11,"Region 3","Zanjan",22
2020-03-11,"Region 4","Markazi",31
2020-03-11,"Region 4","Hamadan",7
2020-03-11,"Region 4","Khuzestan",17
2020-03-11,"Region 4","Kermanshah",8
2020-03-11,"Region 4","Lorestan",9
2020-03-11,"Region 4","Ilam",6
2020-03-11,"Region 5","Razavi Khorasan",34
2020-03-11,"Region 5","Sistan and Baluchestan",4
2020-03-11,"Region 5","Yazd",23
2020-03-11,"Region 5","South Khorasan",15
2020-03-11,"Region 5","Kerman",18
2020-03-11,"Region 5","North Khorasan",11
2020-03-12,"Region 1","Qom",42
2020-03-12,"Region 1","Tehran",303
2020-03-12,"Region 1","Mazandaran",79
2020-03-12,"Region 1","Alborz",74
2020-03-12,"Region 1","Semnan",40
2020-03-12,"Region 1","Golestan",25
2020-03-12,"Region 1","Qazvin",42
2020-03-12,"Region 2","Esfahan",4
2020-03-12,"Region 2","Fars",29
2020-03-12,"Region 2","Hormozgan",0
2020-03-12,"Region 2","Kohgiluyeh and Buyer Ahmad",15
2020-03-12,"Region 2","Chahar Mahall and Bakhtiari",11
2020-03-12,"Region 2","Bushehr",3
2020-03-12,"Region 3","Gilan",84
2020-03-12,"Region 3","Ardebil",14
2020-03-12,"Region 3","East Azarbaijan",7
2020-03-12,"Region 3","West Azarbaijan",19
2020-03-12,"Region 3","Kordestan",9
2020-03-12,"Region 3","Zanjan",17
2020-03-12,"Region 4","Markazi",88
2020-03-12,"Region 4","Hamadan",12
2020-03-12,"Region 4","Khuzestan",31
2020-03-12,"Region 4","Kermanshah",20
2020-03-12,"Region 4","Lorestan",25
2020-03-12,"Region 4","Ilam",7
2020-03-12,"Region 5","Razavi Khorasan",29
2020-03-12,"Region 5","Sistan and Baluchestan",6
2020-03-12,"Region 5","Yazd",21
2020-03-12,"Region 5","South Khorasan",12
2020-03-12,"Region 5","Kerman",7
2020-03-12,"Region 5","North Khorasan",0
2020-03-13,"Region 1","Qom",42
2020-03-13,"Region 1","Tehran",303
2020-03-13,"Region 1","Mazandaran",192
2020-03-13,"Region 1","Alborz",6
2020-03-13,"Region 1","Semnan",38
2020-03-13,"Region 1","Golestan",21
2020-03-13,"Region 1","Qazvin",12
2020-03-13,"Region 2","Esfahan",110
2020-03-13,"Region 2","Fars",33
2020-03-13,"Region 2","Hormozgan",4
2020-03-13,"Region 2","Kohgiluyeh and Buyer Ahmad",0
2020-03-13,"Region 2","Chahar Mahall and Bakhtiari",0
2020-03-13,"Region 2","Bushehr",0
2020-03-13,"Region 3","Gilan",71
2020-03-13,"Region 3","Ardebil",15
2020-03-13,"Region 3","East Azarbaijan",97
2020-03-13,"Region 3","West Azarbaijan",25
2020-03-13,"Region 3","Kordestan",9
2020-03-13,"Region 3","Zanjan",20
2020-03-13,"Region 4","Markazi",48
2020-03-13,"Region 4","Hamadan",10
2020-03-13,"Region 4","Khuzestan",15
2020-03-13,"Region 4","Kermanshah",15
2020-03-13,"Region 4","Lorestan",25
2020-03-13,"Region 4","Ilam",8
2020-03-13,"Region 5","Razavi Khorasan",110
2020-03-13,"Region 5","Sistan and Baluchestan",2
2020-03-13,"Region 5","Yazd",46
2020-03-13,"Region 5","South Khorasan",0
2020-03-13,"Region 5","Kerman",12
2020-03-13,"Region 5","North Khorasan",0
2020-03-14,"Region 1","Qom",32
2020-03-14,"Region 1","Tehran",347
2020-03-14,"Region 1","Mazandaran",17
2020-03-14,"Region 1","Alborz",134
2020-03-14,"Region 1","Semnan",47
2020-03-14,"Region 1","Golestan",0
2020-03-14,"Region 1","Qazvin",47
2020-03-14,"Region 2","Esfahan",155
2020-03-14,"Region 2","Fars",11
2020-03-14,"Region 2","Hormozgan",0
2020-03-14,"Region 2","Kohgiluyeh and Buyer Ahmad",0
2020-03-14,"Region 2","Chahar Mahall and Bakhtiari",0
2020-03-14,"Region 2","Bushehr",7
2020-03-14,"Region 3","Gilan",113
2020-03-14,"Region 3","Ardebil",33
2020-03-14,"Region 3","East Azarbaijan",59
2020-03-14,"Region 3","West Azarbaijan",31
2020-03-14,"Region 3","Kordestan",5
2020-03-14,"Region 3","Zanjan",31
2020-03-14,"Region 4","Markazi",115
2020-03-14,"Region 4","Hamadan",7
2020-03-14,"Region 4","Khuzestan",48
2020-03-14,"Region 4","Kermanshah",8
2020-03-14,"Region 4","Lorestan",2
2020-03-14,"Region 4","Ilam",6
2020-03-14,"Region 5","Razavi Khorasan",30
2020-03-14,"Region 5","Sistan and Baluchestan",2
2020-03-14,"Region 5","Yazd",73
2020-03-14,"Region 5","South Khorasan",4
2020-03-14,"Region 5","Kerman",0
2020-03-14,"Region 5","North Khorasan",1
2020-03-15,"Region 1","Qom",84
2020-03-15,"Region 1","Tehran",251
2020-03-15,"Region 1","Mazandaran",72
2020-03-15,"Region 1","Alborz",67
2020-03-15,"Region 1","Semnan",41
2020-03-15,"Region 1","Golestan",25
2020-03-15,"Region 1","Qazvin",22
2020-03-15,"Region 2","Esfahan",126
2020-03-15,"Region 2","Fars",9
2020-03-15,"Region 2","Hormozgan",7
2020-03-15,"Region 2","Kohgiluyeh and Buyer Ahmad",1
2020-03-15,"Region 2","Chahar Mahall and Bakhtiari",0
2020-03-15,"Region 2","Bushehr",6
2020-03-15,"Region 3","Gilan",43
2020-03-15,"Region 3","Ardebil",0
2020-03-15,"Region 3","East Azarbaijan",36
2020-03-15,"Region 3","West Azarbaijan",18
2020-03-15,"Region 3","Kordestan",27
2020-03-15,"Region 3","Zanjan",32
2020-03-15,"Region 4","Markazi",0
2020-03-15,"Region 4","Hamadan",11
2020-03-15,"Region 4","Khuzestan",32
2020-03-15,"Region 4","Kermanshah",13
2020-03-15,"Region 4","Lorestan",52
2020-03-15,"Region 4","Ilam",18
2020-03-15,"Region 5","Razavi Khorasan",143
2020-03-15,"Region 5","Sistan and Baluchestan",6
2020-03-15,"Region 5","Yazd",36
2020-03-15,"Region 5","South Khorasan",18
2020-03-15,"Region 5","Kerman",7
2020-03-15,"Region 5","North Khorasan",6
2020-03-16,"Region 1","Qom",19
2020-03-16,"Region 1","Tehran",200
2020-03-16,"Region 1","Mazandaran",96
2020-03-16,"Region 1","Alborz",49
2020-03-16,"Region 1","Semnan",34
2020-03-16,"Region 1","Golestan",42
2020-03-16,"Region 1","Qazvin",40
2020-03-16,"Region 2","Esfahan",118
2020-03-16,"Region 2","Fars",43
2020-03-16,"Region 2","Hormozgan",16
2020-03-16,"Region 2","Kohgiluyeh and Buyer Ahmad",5
2020-03-16,"Region 2","Chahar Mahall and Bakhtiari",3
2020-03-16,"Region 2","Bushehr",4
2020-03-16,"Region 3","Gilan",18
2020-03-16,"Region 3","Ardebil",30
2020-03-16,"Region 3","East Azarbaijan",35
2020-03-16,"Region 3","West Azarbaijan",31
2020-03-16,"Region 3","Kordestan",31
2020-03-16,"Region 3","Zanjan",15
2020-03-16,"Region 4","Markazi",14
2020-03-16,"Region 4","Hamadan",12
2020-03-16,"Region 4","Khuzestan",53
2020-03-16,"Region 4","Kermanshah",16
2020-03-16,"Region 4","Lorestan",0
2020-03-16,"Region 4","Ilam",2
2020-03-16,"Region 5","Razavi Khorasan",0
2020-03-16,"Region 5","Sistan and Baluchestan",11
2020-03-16,"Region 5","Yazd",51
2020-03-16,"Region 5","South Khorasan",7
2020-03-16,"Region 5","Kerman",13
2020-03-16,"Region 5","North Khorasan",45
2020-03-17,"Region 1","Qom",29
2020-03-17,"Region 1","Tehran",273
2020-03-17,"Region 1","Mazandaran",59
2020-03-17,"Region 1","Alborz",116
2020-03-17,"Region 1","Semnan",33
2020-03-17,"Region 1","Golestan",30
2020-03-17,"Region 1","Qazvin",26
2020-03-17,"Region 2","Esfahan",75
2020-03-17,"Region 2","Fars",31
2020-03-17,"Region 2","Hormozgan",6
2020-03-17,"Region 2","Kohgiluyeh and Buyer Ahmad",0
2020-03-17,"Region 2","Chahar Mahall and Bakhtiari",2
2020-03-17,"Region 2","Bushehr",4
2020-03-17,"Region 3","Gilan",45
2020-03-17,"Region 3","Ardebil",19
2020-03-17,"Region 3","East Azarbaijan",78
2020-03-17,"Region 3","West Azarbaijan",34
2020-03-17,"Region 3","Kordestan",2
2020-03-17,"Region 3","Zanjan",25
2020-03-17,"Region 4","Markazi",47
2020-03-17,"Region 4","Hamadan",6
2020-03-17,"Region 4","Khuzestan",25
2020-03-17,"Region 4","Kermanshah",14
2020-03-17,"Region 4","Lorestan",35
2020-03-17,"Region 4","Ilam",7
2020-03-17,"Region 5","Razavi Khorasan",63
2020-03-17,"Region 5","Sistan and Baluchestan",11
2020-03-17,"Region 5","Yazd",49
2020-03-17,"Region 5","South Khorasan",12
2020-03-17,"Region 5","Kerman",19
2020-03-17,"Region 5","North Khorasan",3
2020-03-18,"Region 1","Qom",22
2020-03-18,"Region 1","Tehran",213
2020-03-18,"Region 1","Mazandaran",61
2020-03-18,"Region 1","Alborz",76
2020-03-18,"Region 1","Semnan",60
2020-03-18,"Region 1","Golestan",20
2020-03-18,"Region 1","Qazvin",53
2020-03-18,"Region 2","Esfahan",162
2020-03-18,"Region 2","Fars",60
2020-03-18,"Region 2","Hormozgan",12
2020-03-18,"Region 2","Kohgiluyeh and Buyer Ahmad",13
2020-03-18,"Region 2","Chahar Mahall and Bakhtiari",4
2020-03-18,"Region 2","Bushehr",4
2020-03-18,"Region 3","Gilan",21
2020-03-18,"Region 3","Ardebil",10
2020-03-18,"Region 3","East Azarbaijan",84
2020-03-18,"Region 3","West Azarbaijan",42
2020-03-18,"Region 3","Kordestan",22
2020-03-18,"Region 3","Zanjan",20
2020-03-18,"Region 4","Markazi",23
2020-03-18,"Region 4","Hamadan",13
2020-03-18,"Region 4","Khuzestan",28
2020-03-18,"Region 4","Kermanshah",7
2020-03-18,"Region 4","Lorestan",39
2020-03-18,"Region 4","Ilam",10
2020-03-18,"Region 5","Razavi Khorasan",30
2020-03-18,"Region 5","Sistan and Baluchestan",6
2020-03-18,"Region 5","Yazd",45
2020-03-18,"Region 5","South Khorasan",21
2020-03-18,"Region 5","Kerman",11
2020-03-18,"Region 5","North Khorasan",0
